panel,point_id,x,y,patient_id,class,is_new_patient,status,random_seed
stage1_patient_clusters,pt-0001,-1.439928,1.213851,P1,non-seizure,false,SIMULATED,31703
stage1_patient_clusters,pt-0002,-1.253256,1.285775,P1,seizure,false,SIMULATED,31703
stage1_patient_clusters,pt-0003,-1.798213,1.088196,P1,non-seizure,false,SIMULATED,31703
stage1_patient_clusters,pt-0004,-1.627967,0.857444,P1,non-seizure,false,SIMULATED,31703
stage1_patient_clusters,pt-0005,-1.662651,0.462429,P1,non-seizure,false,SIMULATED,31703
stage1_patient_clusters,pt-0006,-1.827710,1.084706,P1,non-seizure,false,SIMULATED,31703
stage1_patient_clusters,pt-0007,-1.384407,1.064322,P1,non-seizure,false,SIMULATED,31703
stage1_patient_clusters,pt-0008,-1.367286,1.104960,P1,non-seizure,false,SIMULATED,31703
stage1_patient_clusters,pt-0009,-1.472914,1.141978,P1,non-seizure,false,SIMULATED,31703
stage1_patient_clusters,pt-0010,-2.117043,1.079978,P1,non-seizure,false,SIMULATED,31703
stage1_patient_clusters,pt-0011,-1.717077,1.393392,P1,non-seizure,false,SIMULATED,31703
stage1_patient_clusters,pt-0012,-1.651781,1.241864,P1,non-seizure,false,SIMULATED,31703
stage1_patient_clusters,pt-0013,-1.684789,1.000317,P1,non-seizure,false,SIMULATED,31703
stage1_patient_clusters,pt-0014,-1.905506,1.502611,P1,non-seizure,false,SIMULATED,31703
stage1_patient_clusters,pt-0015,-1.458143,1.690129,P1,seizure,false,SIMULATED,31703
stage1_patient_clusters,pt-0016,-1.245240,0.974862,P1,non-seizure,false,SIMULATED,31703
stage1_patient_clusters,pt-0017,-2.115784,1.207614,P1,seizure,false,SIMULATED,31703
stage1_patient_clusters,pt-0018,-1.267224,1.245418,P1,seizure,false,SIMULATED,31703
stage1_patient_clusters,pt-0019,-1.497135,0.604327,P1,non-seizure,false,SIMULATED,31703
stage1_patient_clusters,pt-0020,-1.032810,1.434879,P1,seizure,false,SIMULATED,31703
stage1_patient_clusters,pt-0021,-1.560569,1.114864,P1,non-seizure,false,SIMULATED,31703
stage1_patient_clusters,pt-0022,-1.635841,1.042524,P1,non-seizure,false,SIMULATED,31703
stage1_patient_clusters,pt-0023,-1.675823,1.034125,P1,seizure,false,SIMULATED,31703
stage1_patient_clusters,pt-0024,-1.718567,1.190527,P1,seizure,false,SIMULATED,31703
stage1_patient_clusters,pt-0025,-1.504120,0.665546,P1,non-seizure,false,SIMULATED,31703
stage1_patient_clusters,pt-0026,-1.953718,1.284077,P1,non-seizure,false,SIMULATED,31703
stage1_patient_clusters,pt-0027,-1.629308,1.028356,P1,seizure,false,SIMULATED,31703
stage1_patient_clusters,pt-0028,-1.709790,1.096111,P1,non-seizure,false,SIMULATED,31703
stage1_patient_clusters,pt-0029,-1.267173,0.992315,P1,non-seizure,false,SIMULATED,31703
stage1_patient_clusters,pt-0030,-1.687658,1.163680,P1,non-seizure,false,SIMULATED,31703
stage1_patient_clusters,pt-0031,-1.649855,1.214722,P1,non-seizure,false,SIMULATED,31703
stage1_patient_clusters,pt-0032,-1.494643,0.985706,P1,non-seizure,false,SIMULATED,31703
stage1_patient_clusters,pt-0033,-1.454619,1.406991,P1,seizure,false,SIMULATED,31703
stage1_patient_clusters,pt-0034,-2.153564,0.709058,P1,non-seizure,false,SIMULATED,31703
stage1_patient_clusters,pt-0035,-1.431470,0.782170,P1,seizure,false,SIMULATED,31703
stage1_patient_clusters,pt-0036,-1.655129,0.755000,P1,non-seizure,false,SIMULATED,31703
stage1_patient_clusters,pt-0037,-1.492386,0.983269,P1,seizure,false,SIMULATED,31703
stage1_patient_clusters,pt-0038,-1.705150,1.147443,P1,non-seizure,false,SIMULATED,31703
stage1_patient_clusters,pt-0039,-1.673565,0.777980,P1,non-seizure,false,SIMULATED,31703
stage1_patient_clusters,pt-0040,-1.792676,1.414610,P1,non-seizure,false,SIMULATED,31703
stage1_patient_clusters,pt-0041,-1.886920,0.909173,P1,non-seizure,false,SIMULATED,31703
stage1_patient_clusters,pt-0042,-2.123186,0.712372,P1,seizure,false,SIMULATED,31703
confusion_valley,pt-0043,0.006438,0.773032,P1,non-seizure,false,SIMULATED,31703
confusion_valley,pt-0044,-1.093896,0.217983,P1,non-seizure,false,SIMULATED,31703
confusion_valley,pt-0045,-0.248281,1.530025,P1,seizure,false,SIMULATED,31703
confusion_valley,pt-0046,-0.808966,1.172492,P1,non-seizure,false,SIMULATED,31703
confusion_valley,pt-0047,-0.018922,0.015980,P1,seizure,false,SIMULATED,31703
confusion_valley,pt-0048,-1.112589,0.245659,P1,non-seizure,false,SIMULATED,31703
confusion_valley,pt-0049,-0.169477,0.949120,P1,non-seizure,false,SIMULATED,31703
confusion_valley,pt-0050,-1.675060,0.391521,P1,seizure,false,SIMULATED,31703
confusion_valley,pt-0051,-0.015346,0.384284,P1,seizure,false,SIMULATED,31703
confusion_valley,pt-0052,-0.711679,0.457010,P1,non-seizure,false,SIMULATED,31703
confusion_valley,pt-0053,-0.176749,0.356455,P1,non-seizure,false,SIMULATED,31703
confusion_valley,pt-0054,-0.931302,-0.108459,P1,seizure,false,SIMULATED,31703
confusion_valley,pt-0055,-1.177315,-0.176626,P1,non-seizure,false,SIMULATED,31703
confusion_valley,pt-0056,-0.938125,0.576831,P1,non-seizure,false,SIMULATED,31703
confusion_valley,pt-0057,-0.724152,0.606747,P1,non-seizure,false,SIMULATED,31703
confusion_valley,pt-0058,-0.576872,0.250468,P1,non-seizure,false,SIMULATED,31703
confusion_valley,pt-0059,-0.673319,0.842071,P1,non-seizure,false,SIMULATED,31703
confusion_valley,pt-0060,-0.374719,0.792025,P1,non-seizure,false,SIMULATED,31703
confusion_valley,pt-0061,-1.812647,1.267531,P1,non-seizure,false,SIMULATED,31703
confusion_valley,pt-0062,-0.493405,-0.417892,P1,seizure,false,SIMULATED,31703
confusion_valley,pt-0063,0.065986,0.499831,P1,seizure,false,SIMULATED,31703
confusion_valley,pt-0064,-0.169914,0.993050,P1,non-seizure,false,SIMULATED,31703
confusion_valley,pt-0065,-0.318670,0.209856,P1,non-seizure,false,SIMULATED,31703
confusion_valley,pt-0066,-1.348357,0.460392,P1,non-seizure,false,SIMULATED,31703
confusion_valley,pt-0067,-0.645999,0.086729,P1,non-seizure,false,SIMULATED,31703
confusion_valley,pt-0068,-0.703981,0.732853,P1,non-seizure,false,SIMULATED,31703
confusion_valley,pt-0069,-0.518662,0.205739,P1,non-seizure,false,SIMULATED,31703
confusion_valley,pt-0070,-1.021228,1.540216,P1,non-seizure,false,SIMULATED,31703
confusion_valley,pt-0071,-0.680808,-0.058078,P1,non-seizure,false,SIMULATED,31703
confusion_valley,pt-0072,-0.532773,0.343672,P1,seizure,false,SIMULATED,31703
confusion_valley,pt-0073,-0.895925,0.371838,P1,non-seizure,false,SIMULATED,31703
confusion_valley,pt-0074,-0.273192,1.591251,P1,non-seizure,false,SIMULATED,31703
confusion_valley,pt-0075,-0.734488,0.242758,P1,non-seizure,false,SIMULATED,31703
confusion_valley,pt-0076,-1.084837,0.406143,P1,seizure,false,SIMULATED,31703
confusion_valley,pt-0077,-0.591347,1.177208,P1,seizure,false,SIMULATED,31703
confusion_valley,pt-0078,-0.370598,0.461757,P1,non-seizure,false,SIMULATED,31703
confusion_valley,pt-0079,-0.555602,0.439146,P1,non-seizure,false,SIMULATED,31703
confusion_valley,pt-0080,-0.000345,0.539829,P1,non-seizure,false,SIMULATED,31703
confusion_valley,pt-0081,-1.409358,1.281004,P1,non-seizure,false,SIMULATED,31703
confusion_valley,pt-0082,-0.686767,0.387809,P1,seizure,false,SIMULATED,31703
confusion_valley,pt-0083,-1.504567,0.860368,P1,non-seizure,false,SIMULATED,31703
confusion_valley,pt-0084,-0.479949,0.696348,P1,non-seizure,false,SIMULATED,31703
stage1_patient_clusters,pt-0085,-1.964713,-1.149816,P2,non-seizure,false,SIMULATED,31703
stage1_patient_clusters,pt-0086,-1.364955,-1.147361,P2,non-seizure,false,SIMULATED,31703
stage1_patient_clusters,pt-0087,-1.090404,-0.797808,P2,seizure,false,SIMULATED,31703
stage1_patient_clusters,pt-0088,-1.141302,-1.023751,P2,non-seizure,false,SIMULATED,31703
stage1_patient_clusters,pt-0089,-0.980676,-1.194820,P2,seizure,false,SIMULATED,31703
stage1_patient_clusters,pt-0090,-1.281087,-0.897350,P2,non-seizure,false,SIMULATED,31703
stage1_patient_clusters,pt-0091,-1.103595,-1.187390,P2,seizure,false,SIMULATED,31703
stage1_patient_clusters,pt-0092,-1.475039,-1.046496,P2,non-seizure,false,SIMULATED,31703
stage1_patient_clusters,pt-0093,-1.426337,-1.417163,P2,non-seizure,false,SIMULATED,31703
stage1_patient_clusters,pt-0094,-0.929944,-1.101624,P2,non-seizure,false,SIMULATED,31703
stage1_patient_clusters,pt-0095,-1.092050,-0.912081,P2,seizure,false,SIMULATED,31703
stage1_patient_clusters,pt-0096,-1.593545,-1.153582,P2,non-seizure,false,SIMULATED,31703
stage1_patient_clusters,pt-0097,-0.809742,-1.581447,P2,seizure,false,SIMULATED,31703
stage1_patient_clusters,pt-0098,-1.297030,-0.964629,P2,non-seizure,false,SIMULATED,31703
stage1_patient_clusters,pt-0099,-1.334935,-1.414705,P2,non-seizure,false,SIMULATED,31703
stage1_patient_clusters,pt-0100,-0.993204,-1.361081,P2,seizure,false,SIMULATED,31703
stage1_patient_clusters,pt-0101,-0.871746,-0.746005,P2,seizure,false,SIMULATED,31703
stage1_patient_clusters,pt-0102,-1.214863,-0.947624,P2,non-seizure,false,SIMULATED,31703
stage1_patient_clusters,pt-0103,-1.256102,-1.197478,P2,non-seizure,false,SIMULATED,31703
stage1_patient_clusters,pt-0104,-1.235637,-0.537349,P2,non-seizure,false,SIMULATED,31703
stage1_patient_clusters,pt-0105,-0.903187,-0.890273,P2,non-seizure,false,SIMULATED,31703
stage1_patient_clusters,pt-0106,-1.417891,-0.880836,P2,non-seizure,false,SIMULATED,31703
stage1_patient_clusters,pt-0107,-1.134869,-1.059703,P2,non-seizure,false,SIMULATED,31703
stage1_patient_clusters,pt-0108,-1.007030,-0.929598,P2,non-seizure,false,SIMULATED,31703
stage1_patient_clusters,pt-0109,-1.298538,-1.193131,P2,non-seizure,false,SIMULATED,31703
stage1_patient_clusters,pt-0110,-0.770077,-0.563351,P2,non-seizure,false,SIMULATED,31703
stage1_patient_clusters,pt-0111,-1.325983,-1.487720,P2,non-seizure,false,SIMULATED,31703
stage1_patient_clusters,pt-0112,-1.293347,-1.423337,P2,non-seizure,false,SIMULATED,31703
stage1_patient_clusters,pt-0113,-1.023863,-1.080328,P2,non-seizure,false,SIMULATED,31703
stage1_patient_clusters,pt-0114,-1.299185,-1.097949,P2,seizure,false,SIMULATED,31703
stage1_patient_clusters,pt-0115,-1.135284,-1.027356,P2,seizure,false,SIMULATED,31703
stage1_patient_clusters,pt-0116,-1.221745,-0.577756,P2,seizure,false,SIMULATED,31703
stage1_patient_clusters,pt-0117,-1.155791,-0.891928,P2,non-seizure,false,SIMULATED,31703
stage1_patient_clusters,pt-0118,-1.089468,-0.892925,P2,seizure,false,SIMULATED,31703
stage1_patient_clusters,pt-0119,-1.554690,-1.051992,P2,seizure,false,SIMULATED,31703
stage1_patient_clusters,pt-0120,-1.612288,-0.764435,P2,non-seizure,false,SIMULATED,31703
stage1_patient_clusters,pt-0121,-1.366894,-0.950280,P2,seizure,false,SIMULATED,31703
stage1_patient_clusters,pt-0122,-1.168412,-1.185809,P2,non-seizure,false,SIMULATED,31703
stage1_patient_clusters,pt-0123,-1.241331,-1.045773,P2,non-seizure,false,SIMULATED,31703
stage1_patient_clusters,pt-0124,-0.848405,-1.080373,P2,seizure,false,SIMULATED,31703
stage1_patient_clusters,pt-0125,-1.569450,-1.096848,P2,non-seizure,false,SIMULATED,31703
stage1_patient_clusters,pt-0126,-1.472891,-1.714628,P2,non-seizure,false,SIMULATED,31703
confusion_valley,pt-0127,-0.517456,-0.474883,P2,non-seizure,false,SIMULATED,31703
confusion_valley,pt-0128,-0.040880,-0.105997,P2,non-seizure,false,SIMULATED,31703
confusion_valley,pt-0129,-0.362950,-0.041396,P2,non-seizure,false,SIMULATED,31703
confusion_valley,pt-0130,-0.360149,-0.391656,P2,non-seizure,false,SIMULATED,31703
confusion_valley,pt-0131,-0.709366,0.185012,P2,non-seizure,false,SIMULATED,31703
confusion_valley,pt-0132,-0.801960,-0.398454,P2,seizure,false,SIMULATED,31703
confusion_valley,pt-0133,-0.060314,-0.654863,P2,seizure,false,SIMULATED,31703
confusion_valley,pt-0134,-0.208018,-0.214320,P2,non-seizure,false,SIMULATED,31703
confusion_valley,pt-0135,1.033810,-0.612234,P2,seizure,false,SIMULATED,31703
confusion_valley,pt-0136,0.151399,-0.194012,P2,non-seizure,false,SIMULATED,31703
confusion_valley,pt-0137,-0.464940,-0.582520,P2,seizure,false,SIMULATED,31703
confusion_valley,pt-0138,-0.754620,-0.589689,P2,non-seizure,false,SIMULATED,31703
confusion_valley,pt-0139,-0.268450,-0.407555,P2,non-seizure,false,SIMULATED,31703
confusion_valley,pt-0140,-0.293576,0.155349,P2,seizure,false,SIMULATED,31703
confusion_valley,pt-0141,-0.300555,-0.569987,P2,non-seizure,false,SIMULATED,31703
confusion_valley,pt-0142,-0.195996,-0.872213,P2,non-seizure,false,SIMULATED,31703
confusion_valley,pt-0143,-0.863823,-0.386345,P2,non-seizure,false,SIMULATED,31703
confusion_valley,pt-0144,0.265093,-0.762217,P2,seizure,false,SIMULATED,31703
confusion_valley,pt-0145,-0.292972,-0.619241,P2,non-seizure,false,SIMULATED,31703
confusion_valley,pt-0146,-0.769432,-0.690897,P2,non-seizure,false,SIMULATED,31703
confusion_valley,pt-0147,-0.415488,-0.172248,P2,non-seizure,false,SIMULATED,31703
confusion_valley,pt-0148,-0.532965,-0.364294,P2,seizure,false,SIMULATED,31703
confusion_valley,pt-0149,0.255404,0.367371,P2,seizure,false,SIMULATED,31703
confusion_valley,pt-0150,-0.644702,-0.171742,P2,non-seizure,false,SIMULATED,31703
confusion_valley,pt-0151,-0.738115,-0.597589,P2,non-seizure,false,SIMULATED,31703
confusion_valley,pt-0152,0.337148,-0.110359,P2,seizure,false,SIMULATED,31703
confusion_valley,pt-0153,-0.293017,-0.022024,P2,seizure,false,SIMULATED,31703
confusion_valley,pt-0154,-0.649262,-0.196263,P2,non-seizure,false,SIMULATED,31703
confusion_valley,pt-0155,-0.426347,-0.838206,P2,non-seizure,false,SIMULATED,31703
confusion_valley,pt-0156,0.260231,-0.175736,P2,non-seizure,false,SIMULATED,31703
confusion_valley,pt-0157,-0.657183,-0.458096,P2,non-seizure,false,SIMULATED,31703
confusion_valley,pt-0158,-0.293823,-1.154920,P2,seizure,false,SIMULATED,31703
confusion_valley,pt-0159,-0.514905,-1.276774,P2,non-seizure,false,SIMULATED,31703
confusion_valley,pt-0160,-0.634153,-0.038650,P2,non-seizure,false,SIMULATED,31703
confusion_valley,pt-0161,-0.911489,-0.723300,P2,non-seizure,false,SIMULATED,31703
confusion_valley,pt-0162,-0.727218,0.592043,P2,non-seizure,false,SIMULATED,31703
confusion_valley,pt-0163,-0.520317,-0.408765,P2,non-seizure,false,SIMULATED,31703
confusion_valley,pt-0164,-0.695084,1.143031,P2,seizure,false,SIMULATED,31703
confusion_valley,pt-0165,-0.052089,-0.289025,P2,non-seizure,false,SIMULATED,31703
confusion_valley,pt-0166,-0.634330,-0.936297,P2,non-seizure,false,SIMULATED,31703
confusion_valley,pt-0167,-0.412670,-0.323027,P2,seizure,false,SIMULATED,31703
confusion_valley,pt-0168,-0.356005,-0.781128,P2,non-seizure,false,SIMULATED,31703
stage1_patient_clusters,pt-0169,0.364279,1.708692,P3,non-seizure,false,SIMULATED,31703
stage1_patient_clusters,pt-0170,-0.320954,1.675146,P3,seizure,false,SIMULATED,31703
stage1_patient_clusters,pt-0171,-0.344063,1.547249,P3,non-seizure,false,SIMULATED,31703
stage1_patient_clusters,pt-0172,0.328595,1.722147,P3,non-seizure,false,SIMULATED,31703
stage1_patient_clusters,pt-0173,-0.070970,1.441921,P3,seizure,false,SIMULATED,31703
stage1_patient_clusters,pt-0174,0.477785,1.654981,P3,seizure,false,SIMULATED,31703
stage1_patient_clusters,pt-0175,-0.133373,1.847158,P3,seizure,false,SIMULATED,31703
stage1_patient_clusters,pt-0176,0.605365,1.207178,P3,seizure,false,SIMULATED,31703
stage1_patient_clusters,pt-0177,0.190565,1.975085,P3,seizure,false,SIMULATED,31703
stage1_patient_clusters,pt-0178,0.382521,1.312504,P3,seizure,false,SIMULATED,31703
stage1_patient_clusters,pt-0179,0.047995,1.581398,P3,non-seizure,false,SIMULATED,31703
stage1_patient_clusters,pt-0180,-0.129943,1.693440,P3,non-seizure,false,SIMULATED,31703
stage1_patient_clusters,pt-0181,-0.181410,1.469326,P3,non-seizure,false,SIMULATED,31703
stage1_patient_clusters,pt-0182,0.697068,1.323960,P3,non-seizure,false,SIMULATED,31703
stage1_patient_clusters,pt-0183,0.504799,1.267885,P3,seizure,false,SIMULATED,31703
stage1_patient_clusters,pt-0184,0.064958,1.480921,P3,non-seizure,false,SIMULATED,31703
stage1_patient_clusters,pt-0185,0.086839,1.752301,P3,seizure,false,SIMULATED,31703
stage1_patient_clusters,pt-0186,0.096226,1.329154,P3,seizure,false,SIMULATED,31703
stage1_patient_clusters,pt-0187,0.057314,1.401819,P3,non-seizure,false,SIMULATED,31703
stage1_patient_clusters,pt-0188,0.027622,1.703590,P3,non-seizure,false,SIMULATED,31703
stage1_patient_clusters,pt-0189,0.156477,1.254292,P3,seizure,false,SIMULATED,31703
stage1_patient_clusters,pt-0190,-0.478499,1.734708,P3,non-seizure,false,SIMULATED,31703
stage1_patient_clusters,pt-0191,-0.128632,1.274723,P3,non-seizure,false,SIMULATED,31703
stage1_patient_clusters,pt-0192,-0.210148,1.536073,P3,non-seizure,false,SIMULATED,31703
stage1_patient_clusters,pt-0193,-0.106484,1.581407,P3,non-seizure,false,SIMULATED,31703
stage1_patient_clusters,pt-0194,-0.028480,1.825278,P3,non-seizure,false,SIMULATED,31703
stage1_patient_clusters,pt-0195,-0.299061,1.685400,P3,non-seizure,false,SIMULATED,31703
stage1_patient_clusters,pt-0196,0.323983,1.334617,P3,non-seizure,false,SIMULATED,31703
stage1_patient_clusters,pt-0197,0.222191,1.240565,P3,non-seizure,false,SIMULATED,31703
stage1_patient_clusters,pt-0198,-0.167363,1.443540,P3,non-seizure,false,SIMULATED,31703
stage1_patient_clusters,pt-0199,-0.069744,1.361370,P3,non-seizure,false,SIMULATED,31703
stage1_patient_clusters,pt-0200,-0.174663,1.487251,P3,seizure,false,SIMULATED,31703
stage1_patient_clusters,pt-0201,0.041478,1.494789,P3,non-seizure,false,SIMULATED,31703
stage1_patient_clusters,pt-0202,0.059786,1.776725,P3,non-seizure,false,SIMULATED,31703
stage1_patient_clusters,pt-0203,0.472681,1.288666,P3,seizure,false,SIMULATED,31703
stage1_patient_clusters,pt-0204,-0.523113,1.875548,P3,seizure,false,SIMULATED,31703
stage1_patient_clusters,pt-0205,-0.104490,1.789871,P3,non-seizure,false,SIMULATED,31703
stage1_patient_clusters,pt-0206,0.198002,1.268854,P3,non-seizure,false,SIMULATED,31703
stage1_patient_clusters,pt-0207,0.034763,1.550154,P3,non-seizure,false,SIMULATED,31703
stage1_patient_clusters,pt-0208,-0.082020,1.523188,P3,non-seizure,false,SIMULATED,31703
stage1_patient_clusters,pt-0209,0.078866,1.460942,P3,seizure,false,SIMULATED,31703
stage1_patient_clusters,pt-0210,-0.108964,1.201257,P3,seizure,false,SIMULATED,31703
confusion_valley,pt-0211,0.183126,0.495055,P3,non-seizure,false,SIMULATED,31703
confusion_valley,pt-0212,-0.161168,0.512259,P3,seizure,false,SIMULATED,31703
confusion_valley,pt-0213,-0.410418,1.339123,P3,non-seizure,false,SIMULATED,31703
confusion_valley,pt-0214,-0.577340,0.786456,P3,seizure,false,SIMULATED,31703
confusion_valley,pt-0215,0.396634,0.643228,P3,non-seizure,false,SIMULATED,31703
confusion_valley,pt-0216,-0.512811,-0.253578,P3,non-seizure,false,SIMULATED,31703
confusion_valley,pt-0217,-0.368951,0.393601,P3,seizure,false,SIMULATED,31703
confusion_valley,pt-0218,-0.264789,0.623036,P3,non-seizure,false,SIMULATED,31703
confusion_valley,pt-0219,0.047758,1.251094,P3,non-seizure,false,SIMULATED,31703
confusion_valley,pt-0220,-0.055332,-0.213872,P3,non-seizure,false,SIMULATED,31703
confusion_valley,pt-0221,0.305867,0.970371,P3,non-seizure,false,SIMULATED,31703
confusion_valley,pt-0222,1.119466,0.441516,P3,seizure,false,SIMULATED,31703
confusion_valley,pt-0223,0.220950,0.948045,P3,non-seizure,false,SIMULATED,31703
confusion_valley,pt-0224,-0.002100,1.488138,P3,seizure,false,SIMULATED,31703
confusion_valley,pt-0225,0.090904,0.797093,P3,non-seizure,false,SIMULATED,31703
confusion_valley,pt-0226,-0.434222,1.023547,P3,non-seizure,false,SIMULATED,31703
confusion_valley,pt-0227,-0.461542,0.164124,P3,non-seizure,false,SIMULATED,31703
confusion_valley,pt-0228,0.305568,0.850701,P3,seizure,false,SIMULATED,31703
confusion_valley,pt-0229,-0.186152,0.496059,P3,seizure,false,SIMULATED,31703
confusion_valley,pt-0230,0.257310,1.411631,P3,non-seizure,false,SIMULATED,31703
confusion_valley,pt-0231,-0.842601,1.110259,P3,non-seizure,false,SIMULATED,31703
confusion_valley,pt-0232,0.363019,0.144788,P3,seizure,false,SIMULATED,31703
confusion_valley,pt-0233,-0.180876,0.781702,P3,seizure,false,SIMULATED,31703
confusion_valley,pt-0234,-0.231563,1.171140,P3,non-seizure,false,SIMULATED,31703
confusion_valley,pt-0235,0.291480,0.829704,P3,seizure,false,SIMULATED,31703
confusion_valley,pt-0236,0.818221,0.523034,P3,seizure,false,SIMULATED,31703
confusion_valley,pt-0237,0.470181,1.264970,P3,non-seizure,false,SIMULATED,31703
confusion_valley,pt-0238,0.209349,0.870460,P3,seizure,false,SIMULATED,31703
confusion_valley,pt-0239,0.097803,0.857288,P3,non-seizure,false,SIMULATED,31703
confusion_valley,pt-0240,-0.116597,1.043248,P3,non-seizure,false,SIMULATED,31703
confusion_valley,pt-0241,-0.425600,0.740716,P3,non-seizure,false,SIMULATED,31703
confusion_valley,pt-0242,-0.117466,0.758564,P3,non-seizure,false,SIMULATED,31703
confusion_valley,pt-0243,-0.146752,0.487955,P3,non-seizure,false,SIMULATED,31703
confusion_valley,pt-0244,0.001472,0.929303,P3,seizure,false,SIMULATED,31703
confusion_valley,pt-0245,0.589723,0.701096,P3,non-seizure,false,SIMULATED,31703
confusion_valley,pt-0246,0.143954,0.711369,P3,non-seizure,false,SIMULATED,31703
confusion_valley,pt-0247,-0.064170,0.117828,P3,non-seizure,false,SIMULATED,31703
confusion_valley,pt-0248,-0.370832,0.475344,P3,non-seizure,false,SIMULATED,31703
confusion_valley,pt-0249,-0.092525,0.167188,P3,seizure,false,SIMULATED,31703
confusion_valley,pt-0250,0.421108,0.538351,P3,non-seizure,false,SIMULATED,31703
confusion_valley,pt-0251,0.602623,0.447646,P3,non-seizure,false,SIMULATED,31703
confusion_valley,pt-0252,-0.165299,0.971767,P3,non-seizure,false,SIMULATED,31703
stage1_patient_clusters,pt-0253,1.326441,0.534692,P4,non-seizure,false,SIMULATED,31703
stage1_patient_clusters,pt-0254,0.914933,0.586751,P4,non-seizure,false,SIMULATED,31703
stage1_patient_clusters,pt-0255,1.288590,0.644172,P4,non-seizure,false,SIMULATED,31703
stage1_patient_clusters,pt-0256,1.376849,0.607407,P4,non-seizure,false,SIMULATED,31703
stage1_patient_clusters,pt-0257,1.532748,0.474311,P4,seizure,false,SIMULATED,31703
stage1_patient_clusters,pt-0258,1.181325,0.598392,P4,non-seizure,false,SIMULATED,31703
stage1_patient_clusters,pt-0259,1.700819,0.913269,P4,non-seizure,false,SIMULATED,31703
stage1_patient_clusters,pt-0260,0.732216,0.855174,P4,non-seizure,false,SIMULATED,31703
stage1_patient_clusters,pt-0261,1.242439,0.859460,P4,seizure,false,SIMULATED,31703
stage1_patient_clusters,pt-0262,1.734203,0.951913,P4,seizure,false,SIMULATED,31703
stage1_patient_clusters,pt-0263,1.113285,0.540283,P4,seizure,false,SIMULATED,31703
stage1_patient_clusters,pt-0264,1.397783,0.915445,P4,non-seizure,false,SIMULATED,31703
stage1_patient_clusters,pt-0265,1.734800,0.260459,P4,seizure,false,SIMULATED,31703
stage1_patient_clusters,pt-0266,1.635544,0.440385,P4,seizure,false,SIMULATED,31703
stage1_patient_clusters,pt-0267,1.212934,0.755379,P4,non-seizure,false,SIMULATED,31703
stage1_patient_clusters,pt-0268,1.617084,0.607466,P4,seizure,false,SIMULATED,31703
stage1_patient_clusters,pt-0269,1.656389,0.877301,P4,seizure,false,SIMULATED,31703
stage1_patient_clusters,pt-0270,1.094919,0.536797,P4,non-seizure,false,SIMULATED,31703
stage1_patient_clusters,pt-0271,2.065368,0.884864,P4,non-seizure,false,SIMULATED,31703
stage1_patient_clusters,pt-0272,1.131874,0.311446,P4,non-seizure,false,SIMULATED,31703
stage1_patient_clusters,pt-0273,1.671397,0.802179,P4,non-seizure,false,SIMULATED,31703
stage1_patient_clusters,pt-0274,1.074873,0.724855,P4,non-seizure,false,SIMULATED,31703
stage1_patient_clusters,pt-0275,1.721690,1.001872,P4,non-seizure,false,SIMULATED,31703
stage1_patient_clusters,pt-0276,1.610511,0.936283,P4,non-seizure,false,SIMULATED,31703
stage1_patient_clusters,pt-0277,0.894425,0.645761,P4,non-seizure,false,SIMULATED,31703
stage1_patient_clusters,pt-0278,1.552638,0.733612,P4,non-seizure,false,SIMULATED,31703
stage1_patient_clusters,pt-0279,1.710525,0.543024,P4,non-seizure,false,SIMULATED,31703
stage1_patient_clusters,pt-0280,1.213283,0.824949,P4,non-seizure,false,SIMULATED,31703
stage1_patient_clusters,pt-0281,1.529151,1.022144,P4,non-seizure,false,SIMULATED,31703
stage1_patient_clusters,pt-0282,1.456917,0.816363,P4,non-seizure,false,SIMULATED,31703
stage1_patient_clusters,pt-0283,1.673391,0.904526,P4,non-seizure,false,SIMULATED,31703
stage1_patient_clusters,pt-0284,1.416509,0.628339,P4,non-seizure,false,SIMULATED,31703
stage1_patient_clusters,pt-0285,1.558868,0.430524,P4,seizure,false,SIMULATED,31703
stage1_patient_clusters,pt-0286,1.235486,0.430789,P4,non-seizure,false,SIMULATED,31703
stage1_patient_clusters,pt-0287,1.002436,0.745332,P4,non-seizure,false,SIMULATED,31703
stage1_patient_clusters,pt-0288,1.372993,0.558883,P4,seizure,false,SIMULATED,31703
stage1_patient_clusters,pt-0289,1.074427,0.816940,P4,non-seizure,false,SIMULATED,31703
stage1_patient_clusters,pt-0290,1.325951,0.481124,P4,non-seizure,false,SIMULATED,31703
stage1_patient_clusters,pt-0291,1.284762,0.717119,P4,non-seizure,false,SIMULATED,31703
stage1_patient_clusters,pt-0292,1.176715,0.749017,P4,non-seizure,false,SIMULATED,31703
stage1_patient_clusters,pt-0293,1.428431,0.786038,P4,non-seizure,false,SIMULATED,31703
stage1_patient_clusters,pt-0294,1.503575,1.142474,P4,seizure,false,SIMULATED,31703
confusion_valley,pt-0295,0.855118,0.251031,P4,non-seizure,false,SIMULATED,31703
confusion_valley,pt-0296,0.599420,-0.028629,P4,seizure,false,SIMULATED,31703
confusion_valley,pt-0297,1.156161,-0.238006,P4,non-seizure,false,SIMULATED,31703
confusion_valley,pt-0298,0.022337,0.332917,P4,non-seizure,false,SIMULATED,31703
confusion_valley,pt-0299,0.473810,0.082133,P4,seizure,false,SIMULATED,31703
confusion_valley,pt-0300,0.271254,0.514885,P4,seizure,false,SIMULATED,31703
confusion_valley,pt-0301,0.495715,0.747087,P4,seizure,false,SIMULATED,31703
confusion_valley,pt-0302,0.602169,0.382601,P4,non-seizure,false,SIMULATED,31703
confusion_valley,pt-0303,0.375723,0.793790,P4,seizure,false,SIMULATED,31703
confusion_valley,pt-0304,0.460721,0.397737,P4,non-seizure,false,SIMULATED,31703
confusion_valley,pt-0305,0.772226,0.488576,P4,seizure,false,SIMULATED,31703
confusion_valley,pt-0306,-0.394184,0.209840,P4,non-seizure,false,SIMULATED,31703
confusion_valley,pt-0307,1.070356,0.252729,P4,non-seizure,false,SIMULATED,31703
confusion_valley,pt-0308,0.690598,0.666993,P4,non-seizure,false,SIMULATED,31703
confusion_valley,pt-0309,0.370196,0.011385,P4,seizure,false,SIMULATED,31703
confusion_valley,pt-0310,1.275249,0.308171,P4,non-seizure,false,SIMULATED,31703
confusion_valley,pt-0311,0.877126,0.340945,P4,seizure,false,SIMULATED,31703
confusion_valley,pt-0312,0.429110,-0.383788,P4,non-seizure,false,SIMULATED,31703
confusion_valley,pt-0313,0.479966,0.001134,P4,non-seizure,false,SIMULATED,31703
confusion_valley,pt-0314,-0.179759,-0.467875,P4,non-seizure,false,SIMULATED,31703
confusion_valley,pt-0315,0.170922,1.008711,P4,non-seizure,false,SIMULATED,31703
confusion_valley,pt-0316,0.837622,0.574286,P4,non-seizure,false,SIMULATED,31703
confusion_valley,pt-0317,0.594141,0.288478,P4,seizure,false,SIMULATED,31703
confusion_valley,pt-0318,1.242201,0.304033,P4,seizure,false,SIMULATED,31703
confusion_valley,pt-0319,1.113368,-0.157406,P4,non-seizure,false,SIMULATED,31703
confusion_valley,pt-0320,0.448828,0.199613,P4,non-seizure,false,SIMULATED,31703
confusion_valley,pt-0321,0.464304,0.246629,P4,non-seizure,false,SIMULATED,31703
confusion_valley,pt-0322,0.581815,0.077452,P4,seizure,false,SIMULATED,31703
confusion_valley,pt-0323,0.665783,0.060001,P4,seizure,false,SIMULATED,31703
confusion_valley,pt-0324,0.345338,0.472032,P4,non-seizure,false,SIMULATED,31703
confusion_valley,pt-0325,0.679171,-0.112351,P4,non-seizure,false,SIMULATED,31703
confusion_valley,pt-0326,-0.114636,0.684491,P4,non-seizure,false,SIMULATED,31703
confusion_valley,pt-0327,0.679235,-0.288797,P4,seizure,false,SIMULATED,31703
confusion_valley,pt-0328,0.729986,0.648699,P4,non-seizure,false,SIMULATED,31703
confusion_valley,pt-0329,0.192931,0.359718,P4,non-seizure,false,SIMULATED,31703
confusion_valley,pt-0330,0.881738,0.370540,P4,non-seizure,false,SIMULATED,31703
confusion_valley,pt-0331,0.362236,0.740182,P4,non-seizure,false,SIMULATED,31703
confusion_valley,pt-0332,0.442014,0.490224,P4,non-seizure,false,SIMULATED,31703
confusion_valley,pt-0333,1.081715,-0.050984,P4,seizure,false,SIMULATED,31703
confusion_valley,pt-0334,0.231940,0.525513,P4,non-seizure,false,SIMULATED,31703
confusion_valley,pt-0335,0.541331,0.367852,P4,seizure,false,SIMULATED,31703
confusion_valley,pt-0336,-0.225501,0.761616,P4,seizure,false,SIMULATED,31703
stage1_patient_clusters,pt-0337,0.602010,-1.727799,P5,seizure,false,SIMULATED,31703
stage1_patient_clusters,pt-0338,0.540994,-0.899911,P5,non-seizure,false,SIMULATED,31703
stage1_patient_clusters,pt-0339,0.975835,-1.446474,P5,seizure,false,SIMULATED,31703
stage1_patient_clusters,pt-0340,1.061830,-0.874017,P5,seizure,false,SIMULATED,31703
stage1_patient_clusters,pt-0341,0.539726,-1.408612,P5,non-seizure,false,SIMULATED,31703
stage1_patient_clusters,pt-0342,1.092604,-1.120068,P5,seizure,false,SIMULATED,31703
stage1_patient_clusters,pt-0343,0.651195,-1.626129,P5,non-seizure,false,SIMULATED,31703
stage1_patient_clusters,pt-0344,0.527559,-1.208142,P5,seizure,false,SIMULATED,31703
stage1_patient_clusters,pt-0345,0.994859,-1.226074,P5,seizure,false,SIMULATED,31703
stage1_patient_clusters,pt-0346,0.225522,-1.483655,P5,non-seizure,false,SIMULATED,31703
stage1_patient_clusters,pt-0347,0.826681,-1.534256,P5,non-seizure,false,SIMULATED,31703
stage1_patient_clusters,pt-0348,0.909792,-1.226764,P5,non-seizure,false,SIMULATED,31703
stage1_patient_clusters,pt-0349,1.015874,-0.838878,P5,non-seizure,false,SIMULATED,31703
stage1_patient_clusters,pt-0350,0.625716,-1.583763,P5,non-seizure,false,SIMULATED,31703
stage1_patient_clusters,pt-0351,0.467645,-0.941553,P5,non-seizure,false,SIMULATED,31703
stage1_patient_clusters,pt-0352,1.090394,-1.225051,P5,non-seizure,false,SIMULATED,31703
stage1_patient_clusters,pt-0353,1.091550,-0.911859,P5,non-seizure,false,SIMULATED,31703
stage1_patient_clusters,pt-0354,0.784587,-1.228629,P5,non-seizure,false,SIMULATED,31703
stage1_patient_clusters,pt-0355,1.126819,-0.692461,P5,seizure,false,SIMULATED,31703
stage1_patient_clusters,pt-0356,1.300849,-1.345707,P5,seizure,false,SIMULATED,31703
stage1_patient_clusters,pt-0357,1.432025,-1.041251,P5,non-seizure,false,SIMULATED,31703
stage1_patient_clusters,pt-0358,0.934676,-1.383104,P5,non-seizure,false,SIMULATED,31703
stage1_patient_clusters,pt-0359,0.749023,-1.188962,P5,non-seizure,false,SIMULATED,31703
stage1_patient_clusters,pt-0360,1.016962,-0.999988,P5,non-seizure,false,SIMULATED,31703
stage1_patient_clusters,pt-0361,0.896548,-1.776606,P5,non-seizure,false,SIMULATED,31703
stage1_patient_clusters,pt-0362,0.936413,-0.705467,P5,non-seizure,false,SIMULATED,31703
stage1_patient_clusters,pt-0363,1.226996,-1.014218,P5,non-seizure,false,SIMULATED,31703
stage1_patient_clusters,pt-0364,1.425452,-0.956116,P5,seizure,false,SIMULATED,31703
stage1_patient_clusters,pt-0365,0.773382,-1.301938,P5,seizure,false,SIMULATED,31703
stage1_patient_clusters,pt-0366,0.513718,-1.145170,P5,non-seizure,false,SIMULATED,31703
stage1_patient_clusters,pt-0367,1.377629,-0.947806,P5,non-seizure,false,SIMULATED,31703
stage1_patient_clusters,pt-0368,0.989526,-1.123184,P5,non-seizure,false,SIMULATED,31703
stage1_patient_clusters,pt-0369,0.710650,-1.294824,P5,non-seizure,false,SIMULATED,31703
stage1_patient_clusters,pt-0370,0.555366,-0.974821,P5,non-seizure,false,SIMULATED,31703
stage1_patient_clusters,pt-0371,0.849848,-1.375392,P5,non-seizure,false,SIMULATED,31703
stage1_patient_clusters,pt-0372,1.111782,-0.991701,P5,non-seizure,false,SIMULATED,31703
stage1_patient_clusters,pt-0373,0.507245,-1.151312,P5,non-seizure,false,SIMULATED,31703
stage1_patient_clusters,pt-0374,1.017512,-0.632003,P5,non-seizure,false,SIMULATED,31703
stage1_patient_clusters,pt-0375,0.952569,-1.621380,P5,non-seizure,false,SIMULATED,31703
stage1_patient_clusters,pt-0376,0.857812,-1.154321,P5,non-seizure,false,SIMULATED,31703
stage1_patient_clusters,pt-0377,1.249000,-0.922442,P5,non-seizure,false,SIMULATED,31703
stage1_patient_clusters,pt-0378,1.128551,-0.834218,P5,non-seizure,false,SIMULATED,31703
confusion_valley,pt-0379,-0.367991,-0.621768,P5,non-seizure,false,SIMULATED,31703
confusion_valley,pt-0380,0.103655,-0.348629,P5,non-seizure,false,SIMULATED,31703
confusion_valley,pt-0381,0.317085,-0.748870,P5,seizure,false,SIMULATED,31703
confusion_valley,pt-0382,0.762318,-0.412440,P5,non-seizure,false,SIMULATED,31703
confusion_valley,pt-0383,0.672686,-0.695265,P5,seizure,false,SIMULATED,31703
confusion_valley,pt-0384,0.440620,-0.251219,P5,seizure,false,SIMULATED,31703
confusion_valley,pt-0385,0.117690,-0.131505,P5,seizure,false,SIMULATED,31703
confusion_valley,pt-0386,0.481728,-0.408281,P5,seizure,false,SIMULATED,31703
confusion_valley,pt-0387,0.431488,-0.315109,P5,non-seizure,false,SIMULATED,31703
confusion_valley,pt-0388,0.449769,-0.498018,P5,non-seizure,false,SIMULATED,31703
confusion_valley,pt-0389,-0.221124,-0.378190,P5,non-seizure,false,SIMULATED,31703
confusion_valley,pt-0390,-0.548143,-0.717417,P5,non-seizure,false,SIMULATED,31703
confusion_valley,pt-0391,0.778515,-0.514538,P5,non-seizure,false,SIMULATED,31703
confusion_valley,pt-0392,-0.122545,0.145348,P5,non-seizure,false,SIMULATED,31703
confusion_valley,pt-0393,-0.140901,-0.656184,P5,non-seizure,false,SIMULATED,31703
confusion_valley,pt-0394,0.529220,-0.562592,P5,non-seizure,false,SIMULATED,31703
confusion_valley,pt-0395,0.778119,-0.793675,P5,non-seizure,false,SIMULATED,31703
confusion_valley,pt-0396,1.430972,-0.356979,P5,non-seizure,false,SIMULATED,31703
confusion_valley,pt-0397,0.408081,-1.015903,P5,non-seizure,false,SIMULATED,31703
confusion_valley,pt-0398,-0.426684,-0.085927,P5,non-seizure,false,SIMULATED,31703
confusion_valley,pt-0399,0.326519,-0.351501,P5,non-seizure,false,SIMULATED,31703
confusion_valley,pt-0400,0.870548,-1.065279,P5,non-seizure,false,SIMULATED,31703
confusion_valley,pt-0401,-0.127566,-0.507842,P5,seizure,false,SIMULATED,31703
confusion_valley,pt-0402,0.981791,-0.477669,P5,non-seizure,false,SIMULATED,31703
confusion_valley,pt-0403,1.331045,-0.370286,P5,seizure,false,SIMULATED,31703
confusion_valley,pt-0404,0.409105,-0.297312,P5,non-seizure,false,SIMULATED,31703
confusion_valley,pt-0405,-0.046045,-0.427210,P5,non-seizure,false,SIMULATED,31703
confusion_valley,pt-0406,0.011573,0.200133,P5,non-seizure,false,SIMULATED,31703
confusion_valley,pt-0407,0.154088,-0.496861,P5,seizure,false,SIMULATED,31703
confusion_valley,pt-0408,0.298257,-0.247960,P5,non-seizure,false,SIMULATED,31703
confusion_valley,pt-0409,0.070608,-0.106175,P5,non-seizure,false,SIMULATED,31703
confusion_valley,pt-0410,0.119602,-0.732696,P5,seizure,false,SIMULATED,31703
confusion_valley,pt-0411,0.145264,-0.955636,P5,non-seizure,false,SIMULATED,31703
confusion_valley,pt-0412,-0.101494,-0.091491,P5,non-seizure,false,SIMULATED,31703
confusion_valley,pt-0413,1.009589,-0.817003,P5,non-seizure,false,SIMULATED,31703
confusion_valley,pt-0414,-0.186741,-1.027087,P5,non-seizure,false,SIMULATED,31703
confusion_valley,pt-0415,0.407299,0.404084,P5,non-seizure,false,SIMULATED,31703
confusion_valley,pt-0416,0.354797,-0.823242,P5,non-seizure,false,SIMULATED,31703
confusion_valley,pt-0417,0.737976,-0.679672,P5,non-seizure,false,SIMULATED,31703
confusion_valley,pt-0418,1.008314,-0.712910,P5,non-seizure,false,SIMULATED,31703
confusion_valley,pt-0419,1.283741,-0.490189,P5,seizure,false,SIMULATED,31703
confusion_valley,pt-0420,0.448172,-0.409720,P5,non-seizure,false,SIMULATED,31703
stage2_pathology_geometry,pt-0421,-0.890902,-0.317608,P3,non-seizure,false,SIMULATED,31703
stage2_pathology_geometry,pt-0422,-1.046339,-0.159466,P5,non-seizure,false,SIMULATED,31703
stage2_pathology_geometry,pt-0423,-0.757971,-0.083809,P4,non-seizure,false,SIMULATED,31703
stage2_pathology_geometry,pt-0424,-1.365480,0.282573,P3,non-seizure,false,SIMULATED,31703
stage2_pathology_geometry,pt-0425,-1.129848,-0.468248,P4,non-seizure,false,SIMULATED,31703
stage2_pathology_geometry,pt-0426,-0.487626,-0.307715,P3,non-seizure,false,SIMULATED,31703
stage2_pathology_geometry,pt-0427,-1.748692,-0.168588,P4,non-seizure,false,SIMULATED,31703
stage2_pathology_geometry,pt-0428,-0.751986,0.528102,P3,non-seizure,false,SIMULATED,31703
stage2_pathology_geometry,pt-0429,-1.068580,0.028191,P1,non-seizure,false,SIMULATED,31703
stage2_pathology_geometry,pt-0430,-0.499982,0.298591,P1,non-seizure,false,SIMULATED,31703
stage2_pathology_geometry,pt-0431,-0.703144,0.026086,P3,non-seizure,false,SIMULATED,31703
stage2_pathology_geometry,pt-0432,-0.822000,0.538976,P5,non-seizure,false,SIMULATED,31703
stage2_pathology_geometry,pt-0433,-0.673269,0.192943,P1,non-seizure,false,SIMULATED,31703
stage2_pathology_geometry,pt-0434,-0.867214,0.747755,P2,non-seizure,false,SIMULATED,31703
stage2_pathology_geometry,pt-0435,-1.065101,-0.922524,P4,non-seizure,false,SIMULATED,31703
stage2_pathology_geometry,pt-0436,-0.773559,0.063866,P3,non-seizure,false,SIMULATED,31703
stage2_pathology_geometry,pt-0437,-1.150697,-0.708158,P5,non-seizure,false,SIMULATED,31703
stage2_pathology_geometry,pt-0438,-0.962938,0.128932,P1,non-seizure,false,SIMULATED,31703
stage2_pathology_geometry,pt-0439,-1.537894,0.361007,P5,non-seizure,false,SIMULATED,31703
stage2_pathology_geometry,pt-0440,-0.516612,0.036866,P5,non-seizure,false,SIMULATED,31703
stage2_pathology_geometry,pt-0441,-0.529184,-0.010235,P4,non-seizure,false,SIMULATED,31703
stage2_pathology_geometry,pt-0442,-0.863078,-0.940758,P4,non-seizure,false,SIMULATED,31703
stage2_pathology_geometry,pt-0443,-0.009911,0.352245,P5,non-seizure,false,SIMULATED,31703
stage2_pathology_geometry,pt-0444,-1.383862,0.152236,P3,non-seizure,false,SIMULATED,31703
stage2_pathology_geometry,pt-0445,-0.726631,-0.289780,P2,non-seizure,false,SIMULATED,31703
stage2_pathology_geometry,pt-0446,-0.876238,-0.626744,P5,non-seizure,false,SIMULATED,31703
stage2_pathology_geometry,pt-0447,-0.890441,-0.492132,P2,non-seizure,false,SIMULATED,31703
stage2_pathology_geometry,pt-0448,-1.150221,-0.096057,P3,non-seizure,false,SIMULATED,31703
stage2_pathology_geometry,pt-0449,-0.676444,-1.110254,P1,non-seizure,false,SIMULATED,31703
stage2_pathology_geometry,pt-0450,-0.429754,-0.322154,P3,non-seizure,false,SIMULATED,31703
stage2_pathology_geometry,pt-0451,-0.869050,-0.289121,P4,non-seizure,false,SIMULATED,31703
stage2_pathology_geometry,pt-0452,-1.188647,0.587503,P5,non-seizure,false,SIMULATED,31703
stage2_pathology_geometry,pt-0453,-1.142923,0.065787,P2,non-seizure,false,SIMULATED,31703
stage2_pathology_geometry,pt-0454,-1.120517,0.031259,P2,non-seizure,false,SIMULATED,31703
stage2_pathology_geometry,pt-0455,-0.774803,-0.569325,P4,non-seizure,false,SIMULATED,31703
stage2_pathology_geometry,pt-0456,-1.036708,-0.316022,P5,non-seizure,false,SIMULATED,31703
stage2_pathology_geometry,pt-0457,-1.290985,-0.690186,P2,non-seizure,false,SIMULATED,31703
stage2_pathology_geometry,pt-0458,-0.603131,0.950365,P5,non-seizure,false,SIMULATED,31703
stage2_pathology_geometry,pt-0459,-0.767016,-0.842300,P1,non-seizure,false,SIMULATED,31703
stage2_pathology_geometry,pt-0460,-0.553527,0.293380,P5,non-seizure,false,SIMULATED,31703
stage2_pathology_geometry,pt-0461,-0.670619,0.467927,P4,non-seizure,false,SIMULATED,31703
stage2_pathology_geometry,pt-0462,-0.991303,-0.169653,P4,non-seizure,false,SIMULATED,31703
stage2_pathology_geometry,pt-0463,-0.874195,-0.159522,P1,non-seizure,false,SIMULATED,31703
stage2_pathology_geometry,pt-0464,-0.587459,0.198245,P5,non-seizure,false,SIMULATED,31703
stage2_pathology_geometry,pt-0465,-1.050410,0.132847,P2,non-seizure,false,SIMULATED,31703
stage2_pathology_geometry,pt-0466,-1.083144,0.096738,P5,non-seizure,false,SIMULATED,31703
stage2_pathology_geometry,pt-0467,-0.269017,0.778612,P1,non-seizure,false,SIMULATED,31703
stage2_pathology_geometry,pt-0468,-1.045255,-0.069901,P5,non-seizure,false,SIMULATED,31703
stage2_pathology_geometry,pt-0469,-0.932867,0.201478,P2,non-seizure,false,SIMULATED,31703
stage2_pathology_geometry,pt-0470,-0.721710,0.184016,P5,non-seizure,false,SIMULATED,31703
stage2_pathology_geometry,pt-0471,-0.723814,-0.544599,P3,non-seizure,false,SIMULATED,31703
stage2_pathology_geometry,pt-0472,-0.721703,-0.653420,P4,non-seizure,false,SIMULATED,31703
stage2_pathology_geometry,pt-0473,-1.547393,-0.443900,P3,non-seizure,false,SIMULATED,31703
stage2_pathology_geometry,pt-0474,-0.577818,0.173062,P1,non-seizure,false,SIMULATED,31703
stage2_pathology_geometry,pt-0475,-0.478230,-0.111082,P1,non-seizure,false,SIMULATED,31703
stage2_pathology_geometry,pt-0476,-0.244590,-0.183193,P2,non-seizure,false,SIMULATED,31703
stage2_pathology_geometry,pt-0477,-0.452808,-0.159280,P4,non-seizure,false,SIMULATED,31703
stage2_pathology_geometry,pt-0478,-1.227237,0.469342,P5,non-seizure,false,SIMULATED,31703
stage2_pathology_geometry,pt-0479,-0.568849,-0.779655,P5,non-seizure,false,SIMULATED,31703
stage2_pathology_geometry,pt-0480,-0.533307,0.026248,P5,non-seizure,false,SIMULATED,31703
stage2_pathology_geometry,pt-0481,-0.856905,-0.309896,P3,non-seizure,false,SIMULATED,31703
stage2_pathology_geometry,pt-0482,-0.219535,-0.002020,P4,non-seizure,false,SIMULATED,31703
stage2_pathology_geometry,pt-0483,-0.564178,-0.204545,P5,non-seizure,false,SIMULATED,31703
stage2_pathology_geometry,pt-0484,-0.860629,0.535052,P5,non-seizure,false,SIMULATED,31703
stage2_pathology_geometry,pt-0485,-0.969109,0.093482,P1,non-seizure,false,SIMULATED,31703
stage2_pathology_geometry,pt-0486,-0.669485,-0.270148,P4,non-seizure,false,SIMULATED,31703
stage2_pathology_geometry,pt-0487,-0.587086,-0.324758,P3,non-seizure,false,SIMULATED,31703
stage2_pathology_geometry,pt-0488,-1.146817,0.499150,P4,non-seizure,false,SIMULATED,31703
stage2_pathology_geometry,pt-0489,-0.581027,0.154923,P4,non-seizure,false,SIMULATED,31703
stage2_pathology_geometry,pt-0490,-1.735206,-0.454170,P5,non-seizure,false,SIMULATED,31703
stage2_pathology_geometry,pt-0491,-1.170214,0.061240,P5,non-seizure,false,SIMULATED,31703
stage2_pathology_geometry,pt-0492,-0.871167,-0.364334,P4,non-seizure,false,SIMULATED,31703
stage2_pathology_geometry,pt-0493,-1.057658,-0.345226,P1,non-seizure,false,SIMULATED,31703
stage2_pathology_geometry,pt-0494,-1.325991,-0.289113,P1,non-seizure,false,SIMULATED,31703
stage2_pathology_geometry,pt-0495,-0.486293,0.017951,P3,non-seizure,false,SIMULATED,31703
stage2_pathology_geometry,pt-0496,-0.782142,-0.661755,P4,non-seizure,false,SIMULATED,31703
stage2_pathology_geometry,pt-0497,-1.742841,0.225065,P1,non-seizure,false,SIMULATED,31703
stage2_pathology_geometry,pt-0498,-1.411117,-0.087623,P5,non-seizure,false,SIMULATED,31703
stage2_pathology_geometry,pt-0499,-0.724340,-0.442480,P3,non-seizure,false,SIMULATED,31703
stage2_pathology_geometry,pt-0500,-1.143757,0.182759,P1,non-seizure,false,SIMULATED,31703
stage2_pathology_geometry,pt-0501,-1.491781,-0.724671,P4,non-seizure,false,SIMULATED,31703
stage2_pathology_geometry,pt-0502,-0.513349,-0.288232,P3,non-seizure,false,SIMULATED,31703
stage2_pathology_geometry,pt-0503,-1.147903,-0.440020,P5,non-seizure,false,SIMULATED,31703
stage2_pathology_geometry,pt-0504,-0.617455,-0.724948,P3,non-seizure,false,SIMULATED,31703
stage2_pathology_geometry,pt-0505,-0.634937,-0.526241,P4,non-seizure,false,SIMULATED,31703
stage2_pathology_geometry,pt-0506,-1.228230,-0.628999,P2,non-seizure,false,SIMULATED,31703
stage2_pathology_geometry,pt-0507,-1.381029,-0.557330,P3,non-seizure,false,SIMULATED,31703
stage2_pathology_geometry,pt-0508,-1.537600,0.631400,P2,non-seizure,false,SIMULATED,31703
stage2_pathology_geometry,pt-0509,-1.208108,-0.318012,P3,non-seizure,false,SIMULATED,31703
stage2_pathology_geometry,pt-0510,-0.179215,-0.137205,P5,non-seizure,false,SIMULATED,31703
stage2_pathology_geometry,pt-0511,-1.267850,0.567104,P2,non-seizure,false,SIMULATED,31703
stage2_pathology_geometry,pt-0512,-0.906939,-1.167962,P5,non-seizure,false,SIMULATED,31703
stage2_pathology_geometry,pt-0513,-1.533690,-0.004014,P4,non-seizure,false,SIMULATED,31703
stage2_pathology_geometry,pt-0514,-1.644261,-0.194838,P2,non-seizure,false,SIMULATED,31703
stage2_pathology_geometry,pt-0515,-0.949665,-0.154651,P1,non-seizure,false,SIMULATED,31703
stage2_pathology_geometry,pt-0516,-0.942671,-0.226874,P4,non-seizure,false,SIMULATED,31703
stage2_pathology_geometry,pt-0517,-0.994321,-0.265728,P1,non-seizure,false,SIMULATED,31703
stage2_pathology_geometry,pt-0518,-1.093297,-0.721528,P2,non-seizure,false,SIMULATED,31703
stage2_pathology_geometry,pt-0519,-1.039894,-0.280216,P5,non-seizure,false,SIMULATED,31703
stage2_pathology_geometry,pt-0520,-1.137183,-0.779559,P3,non-seizure,false,SIMULATED,31703
stage2_pathology_geometry,pt-0521,-1.427376,-0.029033,P2,non-seizure,false,SIMULATED,31703
stage2_pathology_geometry,pt-0522,-1.502194,-0.644296,P2,non-seizure,false,SIMULATED,31703
stage2_pathology_geometry,pt-0523,-1.229148,-0.196453,P1,non-seizure,false,SIMULATED,31703
stage2_pathology_geometry,pt-0524,-0.995347,0.376079,P3,non-seizure,false,SIMULATED,31703
stage2_pathology_geometry,pt-0525,-0.627258,-0.302022,P2,non-seizure,false,SIMULATED,31703
stage2_pathology_geometry,pt-0526,-0.627958,0.255023,P4,non-seizure,false,SIMULATED,31703
stage2_pathology_geometry,pt-0527,-1.416223,-0.502267,P3,non-seizure,false,SIMULATED,31703
stage2_pathology_geometry,pt-0528,-1.417629,-0.097543,P4,non-seizure,false,SIMULATED,31703
stage2_pathology_geometry,pt-0529,-0.476070,-0.194182,P4,non-seizure,false,SIMULATED,31703
stage2_pathology_geometry,pt-0530,-1.200955,-0.327900,P2,non-seizure,false,SIMULATED,31703
stage2_pathology_geometry,pt-0531,-0.930967,0.788994,P5,non-seizure,false,SIMULATED,31703
stage2_pathology_geometry,pt-0532,-0.949916,-0.044076,P3,non-seizure,false,SIMULATED,31703
stage2_pathology_geometry,pt-0533,-1.255322,-0.066494,P2,non-seizure,false,SIMULATED,31703
stage2_pathology_geometry,pt-0534,-0.844122,-0.294616,P4,non-seizure,false,SIMULATED,31703
stage2_pathology_geometry,pt-0535,-1.444215,-0.099885,P3,non-seizure,false,SIMULATED,31703
stage2_pathology_geometry,pt-0536,-0.686853,0.726739,P5,non-seizure,false,SIMULATED,31703
stage2_pathology_geometry,pt-0537,-0.703972,-0.390421,P2,non-seizure,false,SIMULATED,31703
stage2_pathology_geometry,pt-0538,-1.183553,-0.064820,P5,non-seizure,false,SIMULATED,31703
stage2_pathology_geometry,pt-0539,-0.934460,0.187753,P3,non-seizure,false,SIMULATED,31703
stage2_pathology_geometry,pt-0540,-1.193767,-0.454089,P1,non-seizure,false,SIMULATED,31703
stage2_pathology_geometry,pt-0541,-0.819732,-0.955161,P1,non-seizure,false,SIMULATED,31703
stage2_pathology_geometry,pt-0542,-0.995898,-0.056789,P1,non-seizure,false,SIMULATED,31703
stage2_pathology_geometry,pt-0543,-1.558001,0.075163,P1,non-seizure,false,SIMULATED,31703
stage2_pathology_geometry,pt-0544,-1.365027,0.235394,P3,non-seizure,false,SIMULATED,31703
stage2_pathology_geometry,pt-0545,-0.497834,0.018472,P3,non-seizure,false,SIMULATED,31703
stage2_pathology_geometry,pt-0546,-1.662803,-0.487457,P3,non-seizure,false,SIMULATED,31703
stage2_pathology_geometry,pt-0547,-1.218785,0.036641,P5,non-seizure,false,SIMULATED,31703
stage2_pathology_geometry,pt-0548,-0.661299,-0.512306,P3,non-seizure,false,SIMULATED,31703
stage2_pathology_geometry,pt-0549,-1.377744,-0.704939,P4,non-seizure,false,SIMULATED,31703
stage2_pathology_geometry,pt-0550,-1.278108,-0.469271,P5,non-seizure,false,SIMULATED,31703
stage2_pathology_geometry,pt-0551,-1.218340,-0.317839,P4,non-seizure,false,SIMULATED,31703
stage2_pathology_geometry,pt-0552,-1.634769,0.740259,P3,non-seizure,false,SIMULATED,31703
stage2_pathology_geometry,pt-0553,-1.230761,-0.265082,P4,non-seizure,false,SIMULATED,31703
stage2_pathology_geometry,pt-0554,-1.897560,0.103404,P3,non-seizure,false,SIMULATED,31703
stage2_pathology_geometry,pt-0555,-1.763526,0.182227,P1,non-seizure,false,SIMULATED,31703
stage2_pathology_geometry,pt-0556,-1.124004,-0.594204,P5,non-seizure,false,SIMULATED,31703
stage2_pathology_geometry,pt-0557,-1.219993,0.123628,P5,non-seizure,false,SIMULATED,31703
stage2_pathology_geometry,pt-0558,-0.832531,-0.552831,P5,non-seizure,false,SIMULATED,31703
stage2_pathology_geometry,pt-0559,-0.487657,0.062653,P1,non-seizure,false,SIMULATED,31703
stage2_pathology_geometry,pt-0560,-1.383284,0.044915,P2,non-seizure,false,SIMULATED,31703
stage2_pathology_geometry,pt-0561,-0.293504,0.820857,P2,non-seizure,false,SIMULATED,31703
stage2_pathology_geometry,pt-0562,0.078383,0.372896,P3,non-seizure,false,SIMULATED,31703
stage2_pathology_geometry,pt-0563,-0.674163,0.255361,P5,non-seizure,false,SIMULATED,31703
stage2_pathology_geometry,pt-0564,-0.449630,-0.172346,P5,non-seizure,false,SIMULATED,31703
stage2_pathology_geometry,pt-0565,-0.523134,-0.936145,P2,non-seizure,false,SIMULATED,31703
stage2_pathology_geometry,pt-0566,-0.707419,0.015889,P1,non-seizure,false,SIMULATED,31703
stage2_pathology_geometry,pt-0567,-0.802551,0.369430,P4,non-seizure,false,SIMULATED,31703
stage2_pathology_geometry,pt-0568,-1.183533,-0.410776,P2,non-seizure,false,SIMULATED,31703
stage2_pathology_geometry,pt-0569,-0.329084,-0.299043,P4,non-seizure,false,SIMULATED,31703
stage2_pathology_geometry,pt-0570,-1.373087,0.002394,P3,non-seizure,false,SIMULATED,31703
stage2_pathology_geometry,pt-0571,1.030802,0.150217,P1,seizure,false,SIMULATED,31703
stage2_pathology_geometry,pt-0572,1.215357,0.465907,P5,seizure,false,SIMULATED,31703
stage2_pathology_geometry,pt-0573,1.436353,0.384815,P2,seizure,false,SIMULATED,31703
stage2_pathology_geometry,pt-0574,1.417547,0.043344,P3,seizure,false,SIMULATED,31703
stage2_pathology_geometry,pt-0575,1.277891,0.571071,P2,seizure,false,SIMULATED,31703
stage2_pathology_geometry,pt-0576,-0.235787,-0.656538,P5,seizure,false,SIMULATED,31703
stage2_pathology_geometry,pt-0577,1.400872,0.355194,P3,seizure,false,SIMULATED,31703
stage2_pathology_geometry,pt-0578,1.457370,0.271939,P4,seizure,false,SIMULATED,31703
stage2_pathology_geometry,pt-0579,1.140781,0.366804,P1,seizure,false,SIMULATED,31703
stage2_pathology_geometry,pt-0580,1.125995,0.205015,P5,seizure,false,SIMULATED,31703
stage2_pathology_geometry,pt-0581,0.848855,0.170819,P3,seizure,false,SIMULATED,31703
stage2_pathology_geometry,pt-0582,1.647230,-0.113434,P2,seizure,false,SIMULATED,31703
stage2_pathology_geometry,pt-0583,1.333662,0.913732,P2,seizure,false,SIMULATED,31703
stage2_pathology_geometry,pt-0584,1.672398,-0.221656,P5,seizure,false,SIMULATED,31703
stage2_pathology_geometry,pt-0585,1.840854,0.745717,P5,seizure,false,SIMULATED,31703
stage2_pathology_geometry,pt-0586,0.700731,0.117333,P4,seizure,false,SIMULATED,31703
stage2_pathology_geometry,pt-0587,0.740954,0.581820,P2,seizure,false,SIMULATED,31703
stage2_pathology_geometry,pt-0588,0.958696,-0.363152,P5,seizure,false,SIMULATED,31703
stage2_pathology_geometry,pt-0589,1.303704,0.516928,P1,seizure,false,SIMULATED,31703
stage2_pathology_geometry,pt-0590,0.895301,-0.369464,P1,seizure,false,SIMULATED,31703
stage2_pathology_geometry,pt-0591,1.192432,-0.007084,P4,seizure,false,SIMULATED,31703
stage2_pathology_geometry,pt-0592,1.378251,-0.507898,P4,seizure,false,SIMULATED,31703
stage2_pathology_geometry,pt-0593,1.028256,0.283584,P5,seizure,false,SIMULATED,31703
stage2_pathology_geometry,pt-0594,0.497045,-0.396106,P1,seizure,false,SIMULATED,31703
stage2_pathology_geometry,pt-0595,1.062013,0.062571,P1,seizure,false,SIMULATED,31703
stage2_pathology_geometry,pt-0596,0.921615,0.675169,P2,seizure,false,SIMULATED,31703
stage2_pathology_geometry,pt-0597,0.488523,0.202358,P4,seizure,false,SIMULATED,31703
stage2_pathology_geometry,pt-0598,1.092718,-0.110879,P2,seizure,false,SIMULATED,31703
stage2_pathology_geometry,pt-0599,1.158387,0.077018,P2,seizure,false,SIMULATED,31703
stage2_pathology_geometry,pt-0600,0.728559,0.630793,P5,seizure,false,SIMULATED,31703
stage2_pathology_geometry,pt-0601,1.511440,0.701769,P1,seizure,false,SIMULATED,31703
stage2_pathology_geometry,pt-0602,0.856736,0.378728,P3,seizure,false,SIMULATED,31703
stage2_pathology_geometry,pt-0603,1.034478,-0.170100,P4,seizure,false,SIMULATED,31703
stage2_pathology_geometry,pt-0604,1.237055,-0.367424,P5,seizure,false,SIMULATED,31703
stage2_pathology_geometry,pt-0605,1.383178,0.757424,P3,seizure,false,SIMULATED,31703
stage2_pathology_geometry,pt-0606,1.221504,0.361809,P3,seizure,false,SIMULATED,31703
stage2_pathology_geometry,pt-0607,1.241896,0.558172,P4,seizure,false,SIMULATED,31703
stage2_pathology_geometry,pt-0608,0.896290,0.032598,P5,seizure,false,SIMULATED,31703
stage2_pathology_geometry,pt-0609,1.446492,0.010035,P3,seizure,false,SIMULATED,31703
stage2_pathology_geometry,pt-0610,1.690332,-0.674010,P2,seizure,false,SIMULATED,31703
stage2_pathology_geometry,pt-0611,1.639904,-0.233463,P2,seizure,false,SIMULATED,31703
stage2_pathology_geometry,pt-0612,1.160204,0.147772,P3,seizure,false,SIMULATED,31703
stage2_pathology_geometry,pt-0613,1.345202,0.336955,P1,seizure,false,SIMULATED,31703
stage2_pathology_geometry,pt-0614,1.835982,0.660284,P3,seizure,false,SIMULATED,31703
stage2_pathology_geometry,pt-0615,1.131115,-0.129099,P1,seizure,false,SIMULATED,31703
stage2_pathology_geometry,pt-0616,1.495975,-0.233409,P5,seizure,false,SIMULATED,31703
stage2_pathology_geometry,pt-0617,1.036047,0.043628,P2,seizure,false,SIMULATED,31703
stage2_pathology_geometry,pt-0618,1.098158,-0.177505,P5,seizure,false,SIMULATED,31703
stage2_pathology_geometry,pt-0619,1.570343,0.524033,P4,seizure,false,SIMULATED,31703
stage2_pathology_geometry,pt-0620,1.303668,-0.516412,P4,seizure,false,SIMULATED,31703
stage2_pathology_geometry,pt-0621,1.592817,0.251241,P3,seizure,false,SIMULATED,31703
stage2_pathology_geometry,pt-0622,0.968712,0.144474,P5,seizure,false,SIMULATED,31703
stage2_pathology_geometry,pt-0623,1.043242,-0.087018,P1,seizure,false,SIMULATED,31703
stage2_pathology_geometry,pt-0624,0.314099,0.706467,P3,seizure,false,SIMULATED,31703
stage2_pathology_geometry,pt-0625,0.933994,0.061839,P3,seizure,false,SIMULATED,31703
stage2_pathology_geometry,pt-0626,0.820029,0.008168,P2,seizure,false,SIMULATED,31703
stage2_pathology_geometry,pt-0627,1.484430,0.021854,P4,seizure,false,SIMULATED,31703
stage2_pathology_geometry,pt-0628,1.571057,0.758068,P1,seizure,false,SIMULATED,31703
stage2_pathology_geometry,pt-0629,0.923066,0.665175,P1,seizure,false,SIMULATED,31703
stage2_pathology_geometry,pt-0630,1.284045,0.222845,P2,seizure,false,SIMULATED,31703
stage2_pathology_geometry,pt-0631,1.300371,0.183471,P4,seizure,false,SIMULATED,31703
stage2_pathology_geometry,pt-0632,1.441226,0.134978,P1,seizure,false,SIMULATED,31703
stage2_pathology_geometry,pt-0633,1.050661,-0.521974,P1,seizure,false,SIMULATED,31703
stage2_pathology_geometry,pt-0634,1.789337,-0.270428,P1,seizure,false,SIMULATED,31703
stage2_pathology_geometry,pt-0635,1.200153,-0.307911,P1,seizure,false,SIMULATED,31703
stage2_pathology_geometry,pt-0636,1.072648,0.532752,P3,seizure,false,SIMULATED,31703
stage2_pathology_geometry,pt-0637,1.480555,0.011284,P5,seizure,false,SIMULATED,31703
stage2_pathology_geometry,pt-0638,0.974358,0.319149,P5,seizure,false,SIMULATED,31703
stage2_pathology_geometry,pt-0639,0.857243,0.447497,P4,seizure,false,SIMULATED,31703
stage2_pathology_geometry,pt-0640,1.564506,0.546884,P3,seizure,false,SIMULATED,31703
stage2_pathology_geometry,pt-0641,1.041145,-0.011203,P3,seizure,false,SIMULATED,31703
stage2_pathology_geometry,pt-0642,1.133634,-0.672722,P2,seizure,false,SIMULATED,31703
stage2_pathology_geometry,pt-0643,1.966215,-0.174438,P4,seizure,false,SIMULATED,31703
stage2_pathology_geometry,pt-0644,1.116141,0.225532,P1,seizure,false,SIMULATED,31703
stage2_pathology_geometry,pt-0645,1.643970,0.138423,P5,seizure,false,SIMULATED,31703
stage2_pathology_geometry,pt-0646,0.756496,0.905676,P3,seizure,false,SIMULATED,31703
stage2_pathology_geometry,pt-0647,1.576061,-0.206150,P3,seizure,false,SIMULATED,31703
stage2_pathology_geometry,pt-0648,0.976620,-0.201281,P5,seizure,false,SIMULATED,31703
stage2_pathology_geometry,pt-0649,0.376111,-0.550117,P2,seizure,false,SIMULATED,31703
stage2_pathology_geometry,pt-0650,1.159087,0.900415,P2,seizure,false,SIMULATED,31703
stage2_pathology_geometry,pt-0651,1.132762,0.227900,P3,seizure,false,SIMULATED,31703
stage2_pathology_geometry,pt-0652,1.362395,-0.023893,P2,seizure,false,SIMULATED,31703
stage2_pathology_geometry,pt-0653,1.297172,0.162515,P4,seizure,false,SIMULATED,31703
stage2_pathology_geometry,pt-0654,1.331410,-0.117816,P5,seizure,false,SIMULATED,31703
stage2_pathology_geometry,pt-0655,0.878187,-0.075702,P4,seizure,false,SIMULATED,31703
stage2_pathology_geometry,pt-0656,1.288963,0.762884,P5,seizure,false,SIMULATED,31703
stage2_pathology_geometry,pt-0657,1.395823,0.758099,P1,seizure,false,SIMULATED,31703
stage2_pathology_geometry,pt-0658,1.584470,-0.604770,P1,seizure,false,SIMULATED,31703
stage2_pathology_geometry,pt-0659,0.980467,-0.225446,P2,seizure,false,SIMULATED,31703
stage2_pathology_geometry,pt-0660,1.068285,0.603982,P2,seizure,false,SIMULATED,31703
new_patient_arrival,pt-0661,-0.746405,0.407767,P4,non-seizure,false,SIMULATED,31703
new_patient_arrival,pt-0662,-0.298778,-0.627795,P4,non-seizure,false,SIMULATED,31703
new_patient_arrival,pt-0663,-1.579419,0.442319,P5,non-seizure,false,SIMULATED,31703
new_patient_arrival,pt-0664,-1.689483,-0.809957,P5,non-seizure,false,SIMULATED,31703
new_patient_arrival,pt-0665,-0.575109,-0.000040,P1,non-seizure,false,SIMULATED,31703
new_patient_arrival,pt-0666,-0.998832,0.386938,P1,non-seizure,false,SIMULATED,31703
new_patient_arrival,pt-0667,-1.160811,0.681378,P2,non-seizure,false,SIMULATED,31703
new_patient_arrival,pt-0668,-0.880826,-0.348937,P5,non-seizure,false,SIMULATED,31703
new_patient_arrival,pt-0669,-1.130630,0.463461,P2,non-seizure,false,SIMULATED,31703
new_patient_arrival,pt-0670,-0.658361,-0.650193,P2,non-seizure,false,SIMULATED,31703
new_patient_arrival,pt-0671,-0.507972,-0.651672,P1,non-seizure,false,SIMULATED,31703
new_patient_arrival,pt-0672,-1.126102,0.122104,P5,non-seizure,false,SIMULATED,31703
new_patient_arrival,pt-0673,-0.441961,0.427520,P3,non-seizure,false,SIMULATED,31703
new_patient_arrival,pt-0674,-1.439263,0.351253,P2,non-seizure,false,SIMULATED,31703
new_patient_arrival,pt-0675,-1.248485,-0.319655,P4,non-seizure,false,SIMULATED,31703
new_patient_arrival,pt-0676,-0.847876,-0.208397,P2,non-seizure,false,SIMULATED,31703
new_patient_arrival,pt-0677,-0.748057,-0.049369,P3,non-seizure,false,SIMULATED,31703
new_patient_arrival,pt-0678,-1.018828,0.142555,P5,non-seizure,false,SIMULATED,31703
new_patient_arrival,pt-0679,-1.505323,-0.190836,P4,non-seizure,false,SIMULATED,31703
new_patient_arrival,pt-0680,-0.708506,1.103987,P3,non-seizure,false,SIMULATED,31703
new_patient_arrival,pt-0681,-0.907479,-0.231993,P2,non-seizure,false,SIMULATED,31703
new_patient_arrival,pt-0682,-0.521013,0.915255,P3,non-seizure,false,SIMULATED,31703
new_patient_arrival,pt-0683,-0.787514,-0.405393,P1,non-seizure,false,SIMULATED,31703
new_patient_arrival,pt-0684,-0.583559,0.117520,P4,non-seizure,false,SIMULATED,31703
new_patient_arrival,pt-0685,-0.800273,0.277536,P1,non-seizure,false,SIMULATED,31703
new_patient_arrival,pt-0686,-0.775838,0.299175,P3,non-seizure,false,SIMULATED,31703
new_patient_arrival,pt-0687,-1.794195,-0.391604,P2,non-seizure,false,SIMULATED,31703
new_patient_arrival,pt-0688,-1.518840,-0.465210,P3,non-seizure,false,SIMULATED,31703
new_patient_arrival,pt-0689,-0.686227,0.536904,P3,non-seizure,false,SIMULATED,31703
new_patient_arrival,pt-0690,-1.357388,0.067807,P5,non-seizure,false,SIMULATED,31703
new_patient_arrival,pt-0691,-0.960861,0.084126,P1,non-seizure,false,SIMULATED,31703
new_patient_arrival,pt-0692,-0.853870,-0.979347,P2,non-seizure,false,SIMULATED,31703
new_patient_arrival,pt-0693,-1.497942,0.041734,P4,non-seizure,false,SIMULATED,31703
new_patient_arrival,pt-0694,-1.405260,-0.135420,P4,non-seizure,false,SIMULATED,31703
new_patient_arrival,pt-0695,-1.321269,0.861453,P1,non-seizure,false,SIMULATED,31703
new_patient_arrival,pt-0696,-0.335798,0.482956,P4,non-seizure,false,SIMULATED,31703
new_patient_arrival,pt-0697,-1.048123,0.819796,P4,non-seizure,false,SIMULATED,31703
new_patient_arrival,pt-0698,-1.530368,-0.391706,P2,non-seizure,false,SIMULATED,31703
new_patient_arrival,pt-0699,-1.907008,0.125184,P1,non-seizure,false,SIMULATED,31703
new_patient_arrival,pt-0700,-0.820885,-0.508123,P2,non-seizure,false,SIMULATED,31703
new_patient_arrival,pt-0701,-0.364433,0.566793,P3,non-seizure,false,SIMULATED,31703
new_patient_arrival,pt-0702,-1.418167,-0.719679,P5,non-seizure,false,SIMULATED,31703
new_patient_arrival,pt-0703,-0.053743,0.020889,P5,non-seizure,false,SIMULATED,31703
new_patient_arrival,pt-0704,-0.228205,-0.432728,P1,non-seizure,false,SIMULATED,31703
new_patient_arrival,pt-0705,-1.083135,0.020648,P5,non-seizure,false,SIMULATED,31703
new_patient_arrival,pt-0706,-1.450928,-0.376360,P2,non-seizure,false,SIMULATED,31703
new_patient_arrival,pt-0707,-0.610815,-0.339972,P1,non-seizure,false,SIMULATED,31703
new_patient_arrival,pt-0708,-0.819801,0.754756,P3,non-seizure,false,SIMULATED,31703
new_patient_arrival,pt-0709,-1.666041,0.111736,P3,non-seizure,false,SIMULATED,31703
new_patient_arrival,pt-0710,-0.903945,0.982403,P1,non-seizure,false,SIMULATED,31703
new_patient_arrival,pt-0711,-1.194278,-0.034109,P2,non-seizure,false,SIMULATED,31703
new_patient_arrival,pt-0712,-1.148064,0.038858,P2,non-seizure,false,SIMULATED,31703
new_patient_arrival,pt-0713,-1.104750,0.280955,P2,non-seizure,false,SIMULATED,31703
new_patient_arrival,pt-0714,-0.735777,0.152433,P5,non-seizure,false,SIMULATED,31703
new_patient_arrival,pt-0715,-0.634641,0.301255,P3,non-seizure,false,SIMULATED,31703
new_patient_arrival,pt-0716,-0.552412,0.163124,P3,non-seizure,false,SIMULATED,31703
new_patient_arrival,pt-0717,-0.834727,0.113528,P3,non-seizure,false,SIMULATED,31703
new_patient_arrival,pt-0718,-0.639586,0.838251,P1,non-seizure,false,SIMULATED,31703
new_patient_arrival,pt-0719,-1.165714,0.468286,P5,non-seizure,false,SIMULATED,31703
new_patient_arrival,pt-0720,-0.892021,-0.294689,P4,non-seizure,false,SIMULATED,31703
new_patient_arrival,pt-0721,-1.112334,-0.162436,P4,non-seizure,false,SIMULATED,31703
new_patient_arrival,pt-0722,-0.871167,-0.266813,P3,non-seizure,false,SIMULATED,31703
new_patient_arrival,pt-0723,-0.585865,-0.015895,P5,non-seizure,false,SIMULATED,31703
new_patient_arrival,pt-0724,-0.774220,0.083982,P5,non-seizure,false,SIMULATED,31703
new_patient_arrival,pt-0725,-0.283682,-0.345752,P3,non-seizure,false,SIMULATED,31703
new_patient_arrival,pt-0726,-0.645340,-0.561963,P5,non-seizure,false,SIMULATED,31703
new_patient_arrival,pt-0727,-1.594472,-0.320585,P3,non-seizure,false,SIMULATED,31703
new_patient_arrival,pt-0728,-0.307428,-0.437774,P5,non-seizure,false,SIMULATED,31703
new_patient_arrival,pt-0729,-1.461329,-0.330160,P2,non-seizure,false,SIMULATED,31703
new_patient_arrival,pt-0730,-0.780861,-0.122933,P2,non-seizure,false,SIMULATED,31703
new_patient_arrival,pt-0731,-0.692754,0.250449,P5,non-seizure,false,SIMULATED,31703
new_patient_arrival,pt-0732,-0.920011,-0.559447,P1,non-seizure,false,SIMULATED,31703
new_patient_arrival,pt-0733,-0.699845,-1.278599,P1,non-seizure,false,SIMULATED,31703
new_patient_arrival,pt-0734,-1.521577,0.339881,P3,non-seizure,false,SIMULATED,31703
new_patient_arrival,pt-0735,-0.794261,-0.354110,P1,non-seizure,false,SIMULATED,31703
new_patient_arrival,pt-0736,-0.079028,0.592863,P4,non-seizure,false,SIMULATED,31703
new_patient_arrival,pt-0737,-1.902991,0.031844,P2,non-seizure,false,SIMULATED,31703
new_patient_arrival,pt-0738,-1.132552,0.103200,P3,non-seizure,false,SIMULATED,31703
new_patient_arrival,pt-0739,-1.573451,0.642619,P4,non-seizure,false,SIMULATED,31703
new_patient_arrival,pt-0740,-0.604373,-0.555801,P3,non-seizure,false,SIMULATED,31703
new_patient_arrival,pt-0741,-1.323180,0.206758,P2,non-seizure,false,SIMULATED,31703
new_patient_arrival,pt-0742,-1.106356,-0.186983,P2,non-seizure,false,SIMULATED,31703
new_patient_arrival,pt-0743,-0.465656,0.292325,P2,non-seizure,false,SIMULATED,31703
new_patient_arrival,pt-0744,-1.244392,0.475069,P4,non-seizure,false,SIMULATED,31703
new_patient_arrival,pt-0745,-0.100469,0.730195,P3,non-seizure,false,SIMULATED,31703
new_patient_arrival,pt-0746,-0.745752,0.358066,P2,non-seizure,false,SIMULATED,31703
new_patient_arrival,pt-0747,-0.750251,0.057198,P3,non-seizure,false,SIMULATED,31703
new_patient_arrival,pt-0748,-1.310845,-0.715400,P4,non-seizure,false,SIMULATED,31703
new_patient_arrival,pt-0749,-0.700283,-0.361020,P2,non-seizure,false,SIMULATED,31703
new_patient_arrival,pt-0750,-0.077164,-0.118383,P4,non-seizure,false,SIMULATED,31703
new_patient_arrival,pt-0751,-0.913951,-0.190417,P2,non-seizure,false,SIMULATED,31703
new_patient_arrival,pt-0752,-1.280889,-0.042037,P4,non-seizure,false,SIMULATED,31703
new_patient_arrival,pt-0753,-1.353426,-1.253800,P4,non-seizure,false,SIMULATED,31703
new_patient_arrival,pt-0754,-1.288779,-0.667754,P1,non-seizure,false,SIMULATED,31703
new_patient_arrival,pt-0755,-0.054434,-0.127576,P5,non-seizure,false,SIMULATED,31703
new_patient_arrival,pt-0756,-0.290232,-0.389241,P1,non-seizure,false,SIMULATED,31703
new_patient_arrival,pt-0757,-0.493505,-0.538130,P3,non-seizure,false,SIMULATED,31703
new_patient_arrival,pt-0758,-0.805521,-1.021330,P4,non-seizure,false,SIMULATED,31703
new_patient_arrival,pt-0759,-1.284525,-0.392688,P5,non-seizure,false,SIMULATED,31703
new_patient_arrival,pt-0760,-1.385855,0.797212,P4,non-seizure,false,SIMULATED,31703
new_patient_arrival,pt-0761,-0.718948,-0.320692,P2,non-seizure,false,SIMULATED,31703
new_patient_arrival,pt-0762,-0.971015,-1.290602,P5,non-seizure,false,SIMULATED,31703
new_patient_arrival,pt-0763,0.212695,-0.306243,P1,non-seizure,false,SIMULATED,31703
new_patient_arrival,pt-0764,-1.173583,0.159548,P5,non-seizure,false,SIMULATED,31703
new_patient_arrival,pt-0765,-1.206101,0.811856,P2,non-seizure,false,SIMULATED,31703
new_patient_arrival,pt-0766,0.583143,0.284983,P1,seizure,false,SIMULATED,31703
new_patient_arrival,pt-0767,1.370006,0.790500,P3,seizure,false,SIMULATED,31703
new_patient_arrival,pt-0768,0.717657,-0.514324,P5,seizure,false,SIMULATED,31703
new_patient_arrival,pt-0769,0.349763,-0.630782,P2,seizure,false,SIMULATED,31703
new_patient_arrival,pt-0770,1.659361,-0.134636,P3,seizure,false,SIMULATED,31703
new_patient_arrival,pt-0771,2.549287,-0.365389,P1,seizure,false,SIMULATED,31703
new_patient_arrival,pt-0772,0.914918,0.099068,P2,seizure,false,SIMULATED,31703
new_patient_arrival,pt-0773,0.932537,-0.529287,P5,seizure,false,SIMULATED,31703
new_patient_arrival,pt-0774,0.661487,-0.432487,P2,seizure,false,SIMULATED,31703
new_patient_arrival,pt-0775,0.478932,0.412420,P2,seizure,false,SIMULATED,31703
new_patient_arrival,pt-0776,1.242471,-0.215679,P2,seizure,false,SIMULATED,31703
new_patient_arrival,pt-0777,0.922892,-0.276679,P1,seizure,false,SIMULATED,31703
new_patient_arrival,pt-0778,1.689145,0.912224,P2,seizure,false,SIMULATED,31703
new_patient_arrival,pt-0779,1.135424,0.337866,P4,seizure,false,SIMULATED,31703
new_patient_arrival,pt-0780,1.877867,-0.481785,P3,seizure,false,SIMULATED,31703
new_patient_arrival,pt-0781,0.757823,-0.448065,P3,seizure,false,SIMULATED,31703
new_patient_arrival,pt-0782,2.094824,-0.158377,P1,seizure,false,SIMULATED,31703
new_patient_arrival,pt-0783,1.700410,-0.274180,P4,seizure,false,SIMULATED,31703
new_patient_arrival,pt-0784,1.020567,-0.048046,P4,seizure,false,SIMULATED,31703
new_patient_arrival,pt-0785,1.661485,-0.085756,P5,seizure,false,SIMULATED,31703
new_patient_arrival,pt-0786,0.668328,-0.513937,P1,seizure,false,SIMULATED,31703
new_patient_arrival,pt-0787,1.018493,-0.205707,P2,seizure,false,SIMULATED,31703
new_patient_arrival,pt-0788,1.706020,0.040984,P2,seizure,false,SIMULATED,31703
new_patient_arrival,pt-0789,1.684114,0.699360,P4,seizure,false,SIMULATED,31703
new_patient_arrival,pt-0790,0.713339,-0.089313,P1,seizure,false,SIMULATED,31703
new_patient_arrival,pt-0791,1.003803,0.055101,P2,seizure,false,SIMULATED,31703
new_patient_arrival,pt-0792,1.500803,0.440679,P2,seizure,false,SIMULATED,31703
new_patient_arrival,pt-0793,0.924163,-0.217473,P5,seizure,false,SIMULATED,31703
new_patient_arrival,pt-0794,0.872343,0.280796,P1,seizure,false,SIMULATED,31703
new_patient_arrival,pt-0795,1.272006,-0.130655,P4,seizure,false,SIMULATED,31703
new_patient_arrival,pt-0796,1.445664,-0.181098,P2,seizure,false,SIMULATED,31703
new_patient_arrival,pt-0797,0.938900,0.451261,P1,seizure,false,SIMULATED,31703
new_patient_arrival,pt-0798,1.031665,-0.590089,P5,seizure,false,SIMULATED,31703
new_patient_arrival,pt-0799,1.081146,0.424165,P2,seizure,false,SIMULATED,31703
new_patient_arrival,pt-0800,1.095308,0.174424,P3,seizure,false,SIMULATED,31703
new_patient_arrival,pt-0801,1.599195,0.278477,P1,seizure,false,SIMULATED,31703
new_patient_arrival,pt-0802,1.564414,0.721567,P5,seizure,false,SIMULATED,31703
new_patient_arrival,pt-0803,1.442204,0.225288,P2,seizure,false,SIMULATED,31703
new_patient_arrival,pt-0804,0.723484,0.685646,P4,seizure,false,SIMULATED,31703
new_patient_arrival,pt-0805,1.888859,-0.056591,P4,seizure,false,SIMULATED,31703
new_patient_arrival,pt-0806,1.820473,0.278288,P5,seizure,false,SIMULATED,31703
new_patient_arrival,pt-0807,1.140098,0.241694,P1,seizure,false,SIMULATED,31703
new_patient_arrival,pt-0808,0.907195,0.242006,P3,seizure,false,SIMULATED,31703
new_patient_arrival,pt-0809,1.306758,0.019838,P3,seizure,false,SIMULATED,31703
new_patient_arrival,pt-0810,1.129841,-0.189950,P2,seizure,false,SIMULATED,31703
new_patient_arrival,pt-0811,1.083672,0.329190,P2,seizure,false,SIMULATED,31703
new_patient_arrival,pt-0812,1.388612,1.068359,P2,seizure,false,SIMULATED,31703
new_patient_arrival,pt-0813,1.408662,0.055451,P4,seizure,false,SIMULATED,31703
new_patient_arrival,pt-0814,1.462936,-0.955412,P2,seizure,false,SIMULATED,31703
new_patient_arrival,pt-0815,0.907102,0.143650,P5,seizure,false,SIMULATED,31703
new_patient_arrival,pt-0816,1.318933,0.658391,P3,seizure,false,SIMULATED,31703
new_patient_arrival,pt-0817,0.783443,0.661586,P2,seizure,false,SIMULATED,31703
new_patient_arrival,pt-0818,1.898699,0.636366,P5,seizure,false,SIMULATED,31703
new_patient_arrival,pt-0819,1.615585,-0.160335,P4,seizure,false,SIMULATED,31703
new_patient_arrival,pt-0820,1.328949,0.028482,P3,seizure,false,SIMULATED,31703
new_patient_arrival,pt-0821,0.595492,-0.168447,P1,seizure,false,SIMULATED,31703
new_patient_arrival,pt-0822,1.086749,-0.094363,P3,seizure,false,SIMULATED,31703
new_patient_arrival,pt-0823,1.756407,-0.667968,P2,seizure,false,SIMULATED,31703
new_patient_arrival,pt-0824,1.355146,0.140482,P1,seizure,false,SIMULATED,31703
new_patient_arrival,pt-0825,0.953461,0.222248,P1,seizure,false,SIMULATED,31703
new_patient_arrival,pt-0826,1.556732,0.677791,P3,seizure,false,SIMULATED,31703
new_patient_arrival,pt-0827,1.288153,-0.517182,P3,seizure,false,SIMULATED,31703
new_patient_arrival,pt-0828,1.159110,-0.288341,P5,seizure,false,SIMULATED,31703
new_patient_arrival,pt-0829,1.066255,0.000703,P3,seizure,false,SIMULATED,31703
new_patient_arrival,pt-0830,1.431789,0.810281,P2,seizure,false,SIMULATED,31703
new_patient_arrival,pt-0831,-1.050922,-0.410285,NEW,non-seizure,true,SIMULATED,31703
new_patient_arrival,pt-0832,0.087500,0.298941,NEW,non-seizure,true,SIMULATED,31703
new_patient_arrival,pt-0833,-0.859639,-0.126052,NEW,non-seizure,true,SIMULATED,31703
new_patient_arrival,pt-0834,-1.177458,0.944193,NEW,non-seizure,true,SIMULATED,31703
new_patient_arrival,pt-0835,-0.418442,0.145602,NEW,non-seizure,true,SIMULATED,31703
new_patient_arrival,pt-0836,-0.941110,0.322926,NEW,non-seizure,true,SIMULATED,31703
new_patient_arrival,pt-0837,-0.558466,0.460349,NEW,non-seizure,true,SIMULATED,31703
new_patient_arrival,pt-0838,-0.568287,-0.004932,NEW,non-seizure,true,SIMULATED,31703
new_patient_arrival,pt-0839,-0.643309,0.190199,NEW,non-seizure,true,SIMULATED,31703
new_patient_arrival,pt-0840,-1.075158,-0.379241,NEW,non-seizure,true,SIMULATED,31703
new_patient_arrival,pt-0841,-0.607268,-0.079655,NEW,non-seizure,true,SIMULATED,31703
new_patient_arrival,pt-0842,-0.870076,-0.636356,NEW,non-seizure,true,SIMULATED,31703
new_patient_arrival,pt-0843,-0.521022,0.054095,NEW,non-seizure,true,SIMULATED,31703
new_patient_arrival,pt-0844,-1.546906,0.255722,NEW,non-seizure,true,SIMULATED,31703
new_patient_arrival,pt-0845,-0.752654,-0.105643,NEW,non-seizure,true,SIMULATED,31703
new_patient_arrival,pt-0846,-0.051129,0.120341,NEW,non-seizure,true,SIMULATED,31703
new_patient_arrival,pt-0847,-1.108652,0.387236,NEW,non-seizure,true,SIMULATED,31703
new_patient_arrival,pt-0848,-1.347465,-0.209381,NEW,non-seizure,true,SIMULATED,31703
new_patient_arrival,pt-0849,-0.128877,-0.219051,NEW,non-seizure,true,SIMULATED,31703
new_patient_arrival,pt-0850,-1.299965,0.564959,NEW,non-seizure,true,SIMULATED,31703
new_patient_arrival,pt-0851,-0.948247,0.049939,NEW,non-seizure,true,SIMULATED,31703
new_patient_arrival,pt-0852,-0.589870,-0.234954,NEW,non-seizure,true,SIMULATED,31703
new_patient_arrival,pt-0853,-1.181491,-0.004947,NEW,non-seizure,true,SIMULATED,31703
new_patient_arrival,pt-0854,-0.921228,0.396491,NEW,non-seizure,true,SIMULATED,31703
new_patient_arrival,pt-0855,-0.108881,-0.142380,NEW,non-seizure,true,SIMULATED,31703
new_patient_arrival,pt-0856,-0.253893,0.396530,NEW,non-seizure,true,SIMULATED,31703
new_patient_arrival,pt-0857,1.084745,0.699409,NEW,seizure,true,SIMULATED,31703
new_patient_arrival,pt-0858,0.825059,-0.333324,NEW,seizure,true,SIMULATED,31703
new_patient_arrival,pt-0859,0.891051,0.526756,NEW,seizure,true,SIMULATED,31703
new_patient_arrival,pt-0860,1.058104,-1.175126,NEW,seizure,true,SIMULATED,31703
new_patient_arrival,pt-0861,0.668011,0.254956,NEW,seizure,true,SIMULATED,31703
new_patient_arrival,pt-0862,0.843202,0.608742,NEW,seizure,true,SIMULATED,31703
new_patient_arrival,pt-0863,0.946079,0.870853,NEW,seizure,true,SIMULATED,31703
new_patient_arrival,pt-0864,1.022842,0.126888,NEW,seizure,true,SIMULATED,31703
new_patient_arrival,pt-0865,0.684451,0.279233,NEW,seizure,true,SIMULATED,31703
new_patient_arrival,pt-0866,1.031226,0.760810,NEW,seizure,true,SIMULATED,31703
new_patient_arrival,pt-0867,1.524340,0.497903,NEW,seizure,true,SIMULATED,31703
new_patient_arrival,pt-0868,1.462600,1.320057,NEW,seizure,true,SIMULATED,31703
new_patient_arrival,pt-0869,0.925390,0.268767,NEW,seizure,true,SIMULATED,31703
new_patient_arrival,pt-0870,0.387310,0.837752,NEW,seizure,true,SIMULATED,31703
new_patient_arrival,pt-0871,1.141926,-0.469360,NEW,seizure,true,SIMULATED,31703
new_patient_arrival,pt-0872,0.815955,0.245611,NEW,seizure,true,SIMULATED,31703
